"1","dfg@sdfgh","4321.0","siva"
"2","dfg@sdfgh","4321.0","siva"
"3","dfg@sdfgh","4321.0","siva"
"4","shankar","2345.0","siva@gfadsf"
"5","shankar","2345.0","siva@gfadsf"
"6","shankar","2345.0","siva@gfadsf"
"7","shankar","2345.0","siva@gfadsf"
"8","shankar","2345.0","siva@gfadsf"
"9","shankar","2345.0","siva@gfadsf"
"10","shankar","2345.0","siva@gfadsf"
"11","shankar","2345.0","siva@gfadsf"
"12","shankar","2345.0","siva@gfadsf"
"13","shankar","2345.0","siva@gfadsf"
"14","shankar","2345.0","siva@gfadsf"
"15","shankar","2345.0","siva@gfadsf"
"16","shankar","2345.0","siva@gfadsf"
"17","shankar","2345.0","siva@gfadsf"
"18","shankar","2345.0","siva@gfadsf"
"19","shankar","2345.0","siva@gfadsf"
"20","shankar","2345.0","siva@gfadsf"
"21","shankar","2345.0","siva@gfadsf"
"22","shankar","2345.0","siva@gfadsf"
"23","shankar","2345.0","siva@gfadsf"
"24","shankar","2345.0","siva@gfadsf"
"25","shankar","2345.0","siva@gfadsf"
"26","shankar","2345.0","siva@gfadsf"
"27","shankar","2345.0","siva@gfadsf"
"28","shankar","2345.0","siva@gfadsf"
"29","shankar","2345.0","siva@gfadsf"
"30","shankar","2345.0","siva@gfadsf"
"31","shankar","2345.0","siva@gfadsf"
"32","shankar","2345.0","siva@gfadsf"
"33","shankar","2345.0","siva@gfadsf"
"34","shankar","2345.0","siva@gfadsf"
"35","shankar","2345.0","siva@gfadsf"
"36","shankar","2345.0","siva@gfadsf"
"37","shankar","2345.0","siva@gfadsf"
"38","shankar","2345.0","siva@gfadsf"
"39","shankar","2345.0","siva@gfadsf"
"40","shankar","2345.0","siva@gfadsf"
"41","shankar","2345.0","siva@gfadsf"
"42","shankar","2345.0","siva@gfadsf"
"43","shankar","2345.0","siva@gfadsf"
"44","shankar","2345.0","siva@gfadsf"
"45","shankar","2345.0","siva@gfadsf"
"46","shankar","2345.0","siva@gfadsf"
